"seller_id","seller_name","contact","email"
101,"Kelsey",442772497942,"Kelsey28@DRPoA.com"
102,"Elizabeth",440005183129,"Elizabeth1@b8kAZ.com"
103,"Leslie",445106083729,"Leslie52@kB3UB.com"
104,"Lee",440140479084,"Lee2@cgQQC.com"
105,"Ashley",440646897766,"Ashley7@wXGKM.com"
106,"Igor",449548492254,"Igor96@D3UVE.com"
107,"Zufar",440864958912,"Zufar10@oPBeo.com"
108,"Kizzie",442899750091,"Kizzie30@DMl0T.com"
109,"Taraleah",448806991728,"Taraleah88@oElBa.com"
110,"Shukriyya",441232162013,"Shukriyya13@DmfPP.com"
111,"Devon",441751129227,"Devon18@DRPoA.com"
112,"Azeema",444407502717,"Azeema45@b8kAZ.com"
113,"Corielle",449071829735,"Corielle91@kB3UB.com"
114,"Linh",448510418668,"Linh85@cgQQC.com"
115,"James",447339874927,"James74@wXGKM.com"
116,"Tiana",445736857214,"Tiana58@D3UVE.com"
117,"Victor",444817655358,"Victor49@oPBeo.com"
118,"Joshua",443306109944,"Joshua34@DMl0T.com"
119,"Angelo",441576602489,"Angelo17@oElBa.com"
120,"Nizaar",444801340533,"Nizaar49@DmfPP.com"
121,"Muammar",442037125947,"Muammar21@DRPoA.com"
122,"Cody",446803673875,"Cody68@b8kAZ.com"
123,"Shaahida",443637880280,"Shaahida37@kB3UB.com"
124,"Jiyaad",443503483834,"Jiyaad36@cgQQC.com"
125,"Qutb",440619884438,"Qutb7@wXGKM.com"
126,"Morgan",444830177505,"Morgan49@D3UVE.com"
127,"Basheer",443991432855,"Basheer41@oPBeo.com"
128,"Charlie",440162145779,"Charlie3@DMl0T.com"
129,"Kadajah",441250832553,"Kadajah13@oElBa.com"
130,"Vanesa",443981494424,"Vanesa40@DmfPP.com"
131,"Michael",445049176265,"Michael51@DRPoA.com"
132,"Marwaan",443276793584,"Marwaan33@b8kAZ.com"
133,"Stacey",444117796053,"Stacey42@kB3UB.com"
134,"Sarah",442024130344,"Sarah21@cgQQC.com"
135,"Crystal",448126682038,"Crystal81@wXGKM.com"
136,"Brently",446420319871,"Brently65@D3UVE.com"
137,"Hannah",442768733070,"Hannah28@oPBeo.com"
138,"Carlos",441035560071,"Carlos11@DMl0T.com"
139,"Ke Avae",442560027544,"Ke Avae26@oElBa.com"
140,"Mayra",440578589488,"Mayra7@DmfPP.com"
141,"Djidade",442474558574,"Djidade25@DRPoA.com"
142,"Devon",442150112288,"Devon22@b8kAZ.com"
143,"Saabira",444936737623,"Saabira50@kB3UB.com"
144,"Hector",446534460268,"Hector66@cgQQC.com"
145,"Hanna",443290258052,"Hanna34@wXGKM.com"
146,"Kimberly",448638878259,"Kimberly87@D3UVE.com"
147,"William",446377899031,"William64@oPBeo.com"
148,"Brenna",440137805955,"Brenna2@DMl0T.com"
149,"Deserae",445291648111,"Deserae53@oElBa.com"
150,"Ezana",448343630393,"Ezana84@DmfPP.com"
151,"Madeline",445028559234,"Madeline51@DRPoA.com"
152,"Munjid",445977607655,"Munjid60@b8kAZ.com"
153,"Stephanie",444255950709,"Stephanie43@kB3UB.com"
154,"Trey",443122046487,"Trey32@cgQQC.com"
