"seller_id","seller_name","contact","email"
101,"Kelsey",442772497942,"Kelsey28@gmail.com"
102,"Elizabeth",440005183129,"Elizabeth1@gmail.com"
103,"Leslie",445106083729,"Leslie52@gmail.com"
104,"Lee",440140479084,"Lee2@gmail.com"
105,"Ashley",440646897766,"Ashley7@gmail.com"
106,"Igor",449548492254,"Igor96@gmail.com"
107,"Zufar",440864958912,"Zufar10@gmail.com"
108,"Kizzie",442899750091,"Kizzie30@gmail.com"
109,"Taraleah",448806991728,"Taraleah88@gmail.com"
110,"Shukriyya",441232162013,"Shukriyya13@gmail.com"
111,"Devon",441751129227,"Devon18@gmail.com"
112,"Azeema",444407502717,"Azeema45@gmail.com"
113,"Corielle",449071829735,"Corielle91@gmail.com"
114,"Linh",448510418668,"Linh85@gmail.com"
115,"James",447339874927,"James74@gmail.com"
116,"Tiana",445736857214,"Tiana58@gmail.com"
117,"Victor",444817655358,"Victor49@gmail.com"
118,"Joshua",443306109944,"Joshua34@gmail.com"
119,"Angelo",441576602489,"Angelo17@gmail.com"
120,"Nizaar",444801340533,"Nizaar49@gmail.com"
121,"Muammar",442037125947,"Muammar21@gmail.com"
122,"Cody",446803673875,"Cody68@gmail.com"
123,"Shaahida",443637880280,"Shaahida37@gmail.com"
124,"Jiyaad",443503483834,"Jiyaad36@gmail.com"
125,"Qutb",440619884438,"Qutb7@gmail.com"
126,"Morgan",444830177505,"Morgan49@gmail.com"
127,"Basheer",443991432855,"Basheer41@gmail.com"
128,"Charlie",440162145779,"Charlie3@gmail.com"
129,"Kadajah",441250832553,"Kadajah13@gmail.com"
130,"Vanesa",443981494424,"Vanesa40@gmail.com"
131,"Michael",445049176265,"Michael51@gmail.com"
132,"Marwaan",443276793584,"Marwaan33@gmail.com"
133,"Stacey",444117796053,"Stacey42@gmail.com"
134,"Sarah",442024130344,"Sarah21@gmail.com"
135,"Crystal",448126682038,"Crystal81@gmail.com"
136,"Brently",446420319871,"Brently65@gmail.com"
137,"Hannah",442768733070,"Hannah28@gmail.com"
138,"Carlos",441035560071,"Carlos11@gmail.com"
139,"Ke Avae",442560027544,"Ke Avae26@gmail.com"
140,"Mayra",440578589488,"Mayra7@gmail.com"
141,"Djidade",442474558574,"Djidade25@gmail.com"
142,"Devon",442150112288,"Devon22@gmail.com"
143,"Saabira",444936737623,"Saabira50@gmail.com"
144,"Hector",446534460268,"Hector66@gmail.com"
145,"Hanna",443290258052,"Hanna34@gmail.com"
146,"Kimberly",448638878259,"Kimberly87@gmail.com"
147,"William",446377899031,"William64@gmail.com"
148,"Brenna",440137805955,"Brenna2@gmail.com"
149,"Deserae",445291648111,"Deserae53@gmail.com"
150,"Ezana",448343630393,"Ezana84@gmail.com"
151,"Madeline",445028559234,"Madeline51@gmail.com"
152,"Munjid",445977607655,"Munjid60@gmail.com"
153,"Stephanie",444255950709,"Stephanie43@gmail.com"
154,"Trey",443122046487,"Trey32@gmail.com"
