customer_id,email,first_name,last_name,contact_number,card_number
1,James.Taylor1@gmail.com,James,Taylor,044-75926692265,8.26611E+15
2,Ethan.Wright2@gmail.com,Ethan,Wright,044-74486760797,5.19825E+15
3,Ava.Harris3@gmail.com,Ava,Harris,044-91535820679,6.96111E+15
4,Bob.Davis4@gmail.com,Bob,Davis,044-78139914188,1.37315E+15
5,Olivia.Roberts5@gmail.com,Olivia,Roberts,044-71001980317,4.8059E+15
6,Amelia.Hill6@gmail.com,Amelia,Hill,044-78248801476,7.50325E+15
7,Liam.Baker7@gmail.com,Liam,Baker,044-99559608011,8.24484E+15
8,Michael.Clark8@gmail.com,Michael,Clark,044-76868833151,4.83263E+15
9,Ella.Green9@gmail.com,Ella,Green,044-76864566162,5.93889E+15
10,Ava.Clark10@gmail.com,Ava,Clark,044-92995904288,1.84099E+15
11,Michael.Johnson11@gmail.com,Michael,Johnson,044-78795723543,4.69865E+15
12,Ethan.Wright12@gmail.com,Ethan,Wright,044-73916345658,2.16117E+15
13,Daniel.Lopez13@gmail.com,Daniel,Lopez,044-75248063370,1.50422E+15
14,Bob.Baker14@gmail.com,Bob,Baker,044-91169655601,6.67413E+15
15,Emma.Carter15@gmail.com,Emma,Carter,044-98856556313,7.0683E+15
16,William.King16@gmail.com,William,King,044-74439990646,7.37665E+15
17,Olivia.Clark17@gmail.com,Olivia,Clark,044-76484036299,2.80865E+15
18,Daniel.Davis18@gmail.com,Daniel,Davis,044-79939821751,7.88764E+15
19,Ethan.Smith19@gmail.com,Ethan,Smith,044-93376460274,2.94704E+15
20,Emily.Walker20@gmail.com,Emily,Walker,044-77399779056,2.47014E+15
21,Ava.Carter21@gmail.com,Ava,Carter,044-99492782894,9.61942E+14
22,Benjamin.Wright22@gmail.com,Benjamin,Wright,044-79851027986,8.06051E+15
23,Liam.Harris23@gmail.com,Liam,Harris,044-92449583859,5.85317E+15
24,William.Wright24@gmail.com,William,Wright,044-72607049526,5.16564E+15
25,Mia.Carter25@gmail.com,Mia,Carter,044-71094502456,8.2369E+15
26,James.Walker26@gmail.com,James,Walker,044-78652893779,7.17582E+15
27,Olivia.Brown27@gmail.com,Olivia,Brown,044-99012285569,9.49746E+15
28,Noah.Davis28@gmail.com,Noah,Davis,044-94652738246,5.06149E+15
29,William.Carter29@gmail.com,William,Carter,044-75097228933,3.55284E+15
30,Daniel.Roberts30@gmail.com,Daniel,Roberts,044-74938744778,1.91527E+14
31,Daniel.Scott31@gmail.com,Daniel,Scott,044-95537155774,2.40541E+15
32,Olivia.Hall32@gmail.com,Olivia,Hall,044-78926632050,5.93074E+15
33,William.Carter33@gmail.com,William,Carter,044-78355907130,9.08043E+15
34,Sophia.Harris34@gmail.com,Sophia,Harris,044-95018546748,2.51094E+15
35,Alice.Walker35@gmail.com,Alice,Walker,044-76040178467,9.89285E+15
36,Michael.Hill36@gmail.com,Michael,Hill,044-91370559090,7.35036E+15
37,Emma.Lopez37@gmail.com,Emma,Lopez,044-97817304195,2.07768E+15
38,Mia.Johnson38@gmail.com,Mia,Johnson,044-97268154553,7.584E+15
39,Noah.Harris39@gmail.com,Noah,Harris,044-99386546933,7.48904E+15
40,Amelia.Lopez40@gmail.com,Amelia,Lopez,044-99760828546,4.4976E+15
41,John.Hill41@gmail.com,John,Hill,044-91601704609,9.11403E+15
42,Sophia.Taylor42@gmail.com,Sophia,Taylor,044-96003745447,9.55731E+15
43,James.Walker43@gmail.com,James,Walker,044-96822994509,6.46418E+15
44,Daniel.Roberts44@gmail.com,Daniel,Roberts,044-71099409094,8.58226E+15
45,James.Davis45@gmail.com,James,Davis,044-91098134714,9.4336E+15
46,Charlotte.Lopez46@gmail.com,Charlotte,Lopez,044-73780359850,9.59795E+15
47,Ella.Hill47@gmail.com,Ella,Hill,044-72384579150,5.4169E+14
48,Sophia.Wright48@gmail.com,Sophia,Wright,044-72380091686,7.74569E+15
49,Liam.Smith49@gmail.com,Liam,Smith,044-71296071660,3.59259E+15
50,Emma.Walker50@gmail.com,Emma,Walker,044-76487935449,1.08463E+15
51,William.Walker51@gmail.com,William,Walker,044-71307662516,3.84869E+15
52,Charlotte.Hall52@gmail.com,Charlotte,Hall,044-77417933164,1.92147E+15
53,Benjamin.Walker53@gmail.com,Benjamin,Walker,044-96170037639,2.67261E+14
54,Amelia.Adams54@gmail.com,Amelia,Adams,044-93471459701,5.58683E+15
55,Benjamin.Green55@gmail.com,Benjamin,Green,044-75914095437,1.24707E+14
56,Alice.Clark56@gmail.com,Alice,Clark,044-71549994547,7.61452E+15
57,Emily.Clark57@gmail.com,Emily,Clark,044-72749197479,7.77111E+15
58,Noah.Hall58@gmail.com,Noah,Hall,044-76406511560,1.19472E+15
59,Michael.Harris59@gmail.com,Michael,Harris,044-71873661645,8.47158E+15
60,Ethan.Smith60@gmail.com,Ethan,Smith,044-72750735500,8.72929E+15
61,Ella.Baker61@gmail.com,Ella,Baker,044-99802185714,2.22645E+15
62,Ava.Hall62@gmail.com,Ava,Hall,044-79915743615,1.86775E+15
63,Bob.Lopez63@gmail.com,Bob,Lopez,044-92458420708,5.51028E+15
64,Emma.Harris64@gmail.com,Emma,Harris,044-78610267269,7.84459E+15
65,Charlotte.Harris65@gmail.com,Charlotte,Harris,044-93862649971,6.29367E+14
66,Mia.Carter66@gmail.com,Mia,Carter,044-98117687314,3.90948E+14
67,Ava.Clark67@gmail.com,Ava,Clark,044-95133600384,1.8946E+15
68,Bob.Carter68@gmail.com,Bob,Carter,044-95853486468,8.50271E+15
69,Ava.Green69@gmail.com,Ava,Green,044-99554526482,4.74335E+14
70,William.Green70@gmail.com,William,Green,044-71322757526,6.98796E+15
71,Bob.Wilson71@gmail.com,Bob,Wilson,044-91181970366,8.6985E+15
72,James.Hill72@gmail.com,James,Hill,044-71490701303,7.04181E+15
73,Michael.Hill73@gmail.com,Michael,Hill,044-77560144489,1.61807E+15
74,Emma.Taylor74@gmail.com,Emma,Taylor,044-79645947765,4.73821E+15
75,Ethan.Smith75@gmail.com,Ethan,Smith,044-74485254232,1.26425E+15
76,Olivia.Hall76@gmail.com,Olivia,Hall,044-73506402583,4.44396E+15
77,Amelia.Scott77@gmail.com,Amelia,Scott,044-78570974530,8.0672E+15
78,Olivia.Scott78@gmail.com,Olivia,Scott,044-79896708863,4.04186E+15
79,Mia.Clark79@gmail.com,Mia,Clark,044-74721827204,6.64954E+15
80,Alice.Green80@gmail.com,Alice,Green,044-79769985822,6.96684E+15
81,Olivia.Carter81@gmail.com,Olivia,Carter,044-98292628794,6.40704E+15
82,Mia.Taylor82@gmail.com,Mia,Taylor,044-99103998527,4.32397E+15
83,Ella.Adams83@gmail.com,Ella,Adams,044-75396743123,5.05135E+15
84,Ava.Scott84@gmail.com,Ava,Scott,044-75989937609,7.95367E+15
85,Benjamin.Wilson85@gmail.com,Benjamin,Wilson,044-77078483926,6.44356E+15
86,Ava.Carter86@gmail.com,Ava,Carter,044-96893387885,1.15623E+15
87,Bob.Brown87@gmail.com,Bob,Brown,044-99853022962,1.25653E+15
88,Emma.Hill88@gmail.com,Emma,Hill,044-73182509336,1.59961E+15
89,Ava.Smith89@gmail.com,Ava,Smith,044-93054604847,8.22174E+15
90,Ethan.Johnson90@gmail.com,Ethan,Johnson,044-74521201399,4.35398E+15
91,James.Davis91@gmail.com,James,Davis,044-93762666679,2.96797E+15
92,Benjamin.Hall92@gmail.com,Benjamin,Hall,044-75669585737,9.69749E+15
93,Liam.Smith93@gmail.com,Liam,Smith,044-92718718658,6.31906E+15
94,William.Wilson94@gmail.com,William,Wilson,044-77347474448,9.64074E+13
95,James.Walker95@gmail.com,James,Walker,044-72464282981,1.01082E+15
96,Sophia.Lopez96@gmail.com,Sophia,Lopez,044-79672364048,6.37942E+15
97,Ava.Adams97@gmail.com,Ava,Adams,044-97792246426,3.09799E+15
98,William.Hall98@gmail.com,William,Hall,044-93384476977,8.39236E+15
99,Olivia.Taylor99@gmail.com,Olivia,Taylor,044-77217212250,9.88216E+15
100,Michael.Clark100@gmail.com,Michael,Clark,044-97648571444,4.33781E+15
101,Nicko@gmail.com,Nicko,Nicko,044-97648571444,4.33781E+15
